"Country","Population","Rural","GNI","Imports","Exports","Military","Cell","Fertility","Measles","InfMort","LifeExp","PM2.5","CO2","EnergyUse","Renewable","Debt"
"Afghanistan",42239854,73.067,360,37.06956357719,14.342152797537,NA,56.55443457,4.523,68,44.8,62.879,46.0870936659706,0.138000719739474,2.94,20,NA
"Albania",2745972,35.397,6770,44.7088213484193,31.3091607591559,1.58488092384586,92.31992041,1.376,86,8.4,76.833,15.7070036417042,1.61508361807243,2.27,41.9,56.3023228650404
"Algeria",45606480,24.732,4490,23.3883951900933,23.8825078175472,4.77943828648395,106.4235366,2.829,79,18.7,77.129,25.5526558310447,3.94357866277979,5.61,0.1,3.73370667963257
"American Samoa",43914,12.765,NA,92.5333333333333,44.2666666666667,NA,NA,NA,NA,NA,NA,6.71514739512663,0.00225871298534095,NA,0.4,NA
"Andorra",80088,12.226,50080,NA,NA,NA,118.6729762,NA,98,2.6,NA,9.08028059086901,NA,1.89,18.4,NA
"Angola",36684202,31.312,1870,26.7192226161787,47.7452759783385,1.32872232786494,44.42373173,5.209,37,45.7,61.929,25.1452381976267,0.567189507248408,3.1,52.9,60.8750194458065
"Antigua and Barbuda",94298,75.668,18710,54.1394040738351,46.9834793891329,NA,197.3825359,1.58,99,8.1,79.236,19.6982695582914,2.9617226411271,4.83,0.9,NA
"Argentina",46654581,7.53700000000001,11590,14.9334363103503,17.9965879441795,0.411211298762518,130.4550081,1.876,83,8.4,76.064,14.9081737974407,3.98048830286604,3.39,9.2,40.0036910778865
"Armenia",2777970,36.261,5960,43.7634488327132,35.9064399901267,4.31710667230517,128.961359,1.575,95,9.2,73.372,30.5796334750125,2.27533556389228,3.91,9.1,78.8389524291956
"Aruba",106277,55.746,33410,70.8303783212249,69.0697088328819,NA,132.3496283,1.179,NA,NA,74.992,NA,4.27544741415755,3.13,8.8,NA
"Australia",26638544,13.383,60820,17.7255408465983,21.9768193897174,1.89882434777792,104.5172138,1.63,96,3.2,83.2,8.25171746070811,15.1132647730974,4.1,12.3,NA
"Austria",9132383,40.47,55720,55.0331207505886,55.9518373023172,0.772607157386914,121.9694798,1.41,95,2.6,81.0926829268293,10.9335136815146,6.76570538488192,2.86,36,NA
"Azerbaijan",10112555,42.423,5670,29.7981185195358,46.4887471674792,4.54596853675007,104.8878056,1.67,93,16.1,73.488,21.7269999756599,3.66106224602524,4.73,1.3,20.803154950297
"Bahamas, The",412623,16.375,31030,43.4545118701018,29.4971369261758,NA,97.42269052,1.38,80,11.2,74.358,18.9393918728687,3.52745472994068,2.87,1.1,NA
"Bahrain",1485509,10.131,27710,70.1917205842733,89.681259959357,3.17213705490747,131.4487123,1.797,99,5.6,79.246,58.4950629834781,25.7806339078121,9.23,0,NA
"Bangladesh",172954319,59.527,2820,17.0612258032497,10.6627789004134,1.12882010548687,108.9094426,1.95,97,24.1,73.698,42.3813762359965,0.637172800180613,1.93,25,20.2769623556053
"Barbados",281995,68.575,20210,39.6410048701023,30.2277982058029,NA,112.6006401,1.634,85,10.1,77.706,23.7309657842996,2.39387860173629,4.01,5.5,NA
"Belarus",9178298,19.269,7230,65.1824128358935,70.8320377207017,1.20328256808078,122.7801287,1.495,98,1.9,73.1114634146342,14.6089903841381,6.22138689656809,6.18,8.2,56.7857223981134
"Belgium",11822592,1.81100000000001,53890,86.1375952345899,87.9013984929375,1.17973708133594,101.1083743,1.53,96,3.1,81.6975609756098,11.2160664677018,7.73715036025732,3.86,11.7,NA
"Belize",410825,53.392,6630,51.4864133743122,47.6605899544216,0.861167113650318,65.9948854,1.989,81,9.4,70.962,28.6518070195516,0.664738743362483,4.78,26.6,54.3078145454494
"Benin",13712828,49.9,1400,27.1360546569676,20.9188061754733,0.557461260604776,97.96018203,4.895,68,53.6,59.954,51.0478241974862,0.720407247463915,4.79,54.5,42.3625153637546
"Bermuda",63489,0,134640,23.5191084135593,48.6835642432754,NA,105.9437563,1.3,NA,NA,81.571,7.33600052500811,4.99253085934429,1.52,0.9,NA
"Bhutan",787424,55.65,3590,48.3837097345023,29.1987417121982,NA,100.0671395,1.398,97,20.1,72.229,23.9456576369223,2.18849646305538,9.72,81.8,NA
"Bolivia",12388571,28.814,3490,31.1960506534797,27.8253459097756,1.48373193294262,99.62307127,2.584,69,19.6,64.928,22.879459074231,1.79640890011625,3.89,12.8,37.2776464521317
"Bosnia and Herzegovina",3210847,49.731,7650,53.912587140962,42.5733214368127,0.810442240190891,113.9969422,1.346,58,5.2,75.293,26.6019532713554,6.75012354933902,5.89,36.6,53.0476405268677
"Botswana",2675352,27.133,7420,46.844287787324,41.9108436360075,2.74395956341177,160.7369816,2.754,90,31.2,65.913,18.9057549925814,3.12272839254593,2.68,27.4,9.95594526346024
"Brazil",216422446,12.212,8240,18.5469003894967,19.1094303673866,1.05342201124086,102.48887,1.626,81,12.5,73.425,12.1793252040724,2.16786408811212,3.96,46.5,31.1117018971197
"British Virgin Islands",31538,50.252,NA,NA,NA,NA,120.9465973,1.015,NA,11.6,76.373,NA,2.06676249800351,NA,1.3,NA
"Brunei Darussalam",452524,20.851,31410,66.9542015668641,80.1689108084537,2.3696474066313,135.501254,1.764,97,8.5,74.551,7.59726503432135,20.8811987474443,6.33,0,NA
"Bulgaria",6430370,23.299,13350,59.573569084694,61.4010843058868,1.50812345474607,114.7677533,1.78,91,5,74.3609756097561,17.1474236131426,7.74981411725145,4.72,20.4,54.017485267196
"Burkina Faso",23251485,67.48,850,29.7052524548311,32.8877100455377,3.09476704494336,111.6631328,4.665,88,50.1,59.766,58.4706762025055,0.256706408049974,5.43,71.2,57.5754926390076
"Burundi",13238559,85.216,240,23.8183699996008,5.00028999994313,2.76041457754835,61.67128229,4.98,89,36.4,61.977,29.6541345084659,0.0717013499901005,7.48,83.1,28.4632313971374
"Cabo Verde",598682,32.018,4060,53.6052602688779,23.8497983576563,0.548076281842058,100.3820215,1.879,95,10.6,74.722,42.3225220905558,1.71120578471851,2.45,22.6,91.4912519138012
"Cambodia",16944826,74.43,1690,62.3569894258743,66.7544621224655,2.09964232456006,119.9575768,2.322,83,20.3,69.896,24.1436022803452,1.05075536852029,4.96,52.4,80.3840018228578
"Cameroon",28647293,40.685,1630,20.2302274025855,16.5156410218591,0.94915422763619,79.9676844,4.383,65,47,60.958,39.8126251004519,0.361109351772854,4.23,79.2,35.1075057318486
"Canada",40097761,18.138,53300,31.2078114577635,31.2163529553383,1.23665591258666,88.09065504,1.33,92,4.3,81.2956097560976,6.56566994375263,14.9483053723747,6.55,23.8,NA
"Cayman Islands",69310,0,68790,NA,NA,NA,146.7652929,NA,NA,NA,NA,NA,4.47122522050476,1.93,0,NA
"Central African Republic",5742315,56.386,480,30.9316599983489,13.2274599967551,1.69643629147357,33.55228751,5.918,41,73.5,54.477,34.4334184466457,0.0494878784272283,8.41,90.9,40.5775417974437
"Chad",18278568,75.634,680,44.2346496159658,38.7501272510812,2.92548684152958,60.22303015,6.215,56,64.1,52.997,49.1388484128027,0.119074789338225,4.34,69.9,27.7328480546517
"Channel Islands",175346,68.841,NA,NA,NA,NA,NA,1.469,NA,NA,81.583,NA,NA,NA,NA,NA
"Chile",19629590,11.988,15430,32.8648637520698,31.9735835020867,1.8339814713597,136.3134058,1.539,94,5.4,79.519,23.2750668049145,4.73678661099904,3.46,24.2,NA
"China",1410710000,35.43,12890,17.3580170349261,19.9439738306996,1.59538074333145,121.5382526,1.175,99,4.8,78.587,34.8105237153218,8.97015483208526,6.3,15.2,13.4419126997382
"Colombia",52085168,17.646,6630,23.8621404387264,16.1970059548864,3.07910775361056,145.6931676,1.692,88,10.6,73.659,14.1832514905064,1.70547401527979,2.33,29.7,55.7901401138258
"Comoros",852075,69.868,1610,31.4704071109001,10.8073216153852,NA,103.8731734,3.912,86,38.2,63.68,11.9332724091044,0.409788067028851,4.27,41.2,29.5285669689214
"Congo, Dem. Rep.",102262808,52.556,610,40.0954818555036,40.385829565187,0.578894366833228,48.89330021,6.106,56,60.1,59.743,26.6494833206385,0.035873067315521,12.51,96.3,15.1649700125326
"Congo, Rep.",6106869,30.812,2290,32.7096322965954,52.8365708586233,1.84718915649027,96.78757313,4.095,65,31.2,63.053,28.5737499496554,1.24543918488871,6.72,71.4,53.4398740363815
"Costa Rica",5212173,17.378,12920,34.6052852757431,36.1763570269654,NA,152.0081561,1.522,90,6.9,77.32,14.3075712471404,1.66158736372113,1.99,34.2,60.7444889095739
"Cote d'Ivoire",28873034,46.851,2620,22.8177649393033,22.2962678369402,0.889183594972784,162.1701041,4.342,65,52.4,58.916,49.4977827339493,0.514617225762203,3.3,58.2,47.1145237830899
"Croatia",3853200,41.425,19650,52.0794044441541,49.3538989841714,2.16749051634117,108.4252864,1.53,90,3.9,77.5756097560976,16.1208592960264,4.46748024517843,2.91,34.1,NA
"Cuba",11194449,22.477,NA,45.1302130762765,34.8935719095063,NA,63.10466641,1.449,99,6.2,78.155,21.2367242811561,2.20927381633081,1.35,20.9,NA
"Curacao",147862,10.977,20590,NA,NA,NA,88.26771323,1.3,NA,NA,NA,NA,NA,10.39,2.8,NA
"Cyprus",1260138,33.013,31520,85.4505181599695,89.409089432088,1.81479665162789,148.7380631,1.311,86,2.7,81.889,13.508701890821,5.96114385435577,2.45,15.6,NA
"Czechia",10873689,25.448,26140,69.7667775410123,72.7282340956374,1.35806383214179,126.4124254,1.61774660294866,97,2.1,79.0292682926829,14.1110711384133,9.51495288938897,4.16,17.2,NA
"Denmark",5946952,11.505,73520,52.0092643854006,58.7029441323133,1.418960371433,125.7822877,1.55,95,3.1,81.3048780487805,9.06983927345931,4.93962683954039,1.96,39.5,NA
"Djibouti",1136455,21.448,3370,120.998169110085,143.022084396506,NA,44.26176127,2.757,50,44.1,62.859,35.9243304831101,0.679038835739694,2.08,26.6,88.4776536657737
"Dominica",73040,27.994,8470,NA,NA,NA,85.85731647,1.588,83,30.8,72.981,20.6672998234563,0.94587348942079,3.03,8.8,66.1470795379377
"Dominican Republic",11332972,15.554,9070,30.9821649871884,21.7527020808167,0.717637598102462,87.56486177,2.247,91,26.8,74.17,19.8267440369685,2.08899937045929,2.11,14.8,44.2742461875709
"Ecuador",18190484,35.208,6520,26.1464891255606,27.0047095688028,2.15522186999422,94.33558884,2.003,74,10.5,77.894,16.6570210758922,2.56135214710294,3.26,18.9,53.6153735878708
"Egypt, Arab Rep.",112716598,56.9,4100,19.295823265447,10.5611502153652,1.06181004427704,94.68027811,2.878,96,15.5,70.159,54.8587056496436,2.3962614035956,3.06,6.1,35.3817569142339
"El Salvador",6364943,24.607,4670,53.0635805908039,28.7814953892726,1.32039410209497,175.3370318,1.785,65,10.2,71.475,20.0287144500145,1.2581923593111,3.26,21.9,69.5553496699732
"Equatorial Guinea",1714671,25.552,4870,31.839097550571,45.1275510492817,1.09726208496911,49.96671696,4.17,53,55.1,61.19,35.3790521811967,3.01741946423326,5.18,5.2,NA
"Eritrea",3748901,56.733,NA,NA,NA,NA,49.74709362,3.786,93,28,66.604,32.3515206386852,0.218429155881382,6.37,80.7,NA
"Estonia",1366188,30.19,27200,81.2721698884718,80.2690952276056,2.08666579059428,149.0807939,1.41,82,1.5,77.9439024390244,6.14573290973003,8.04239198125797,3.73,38,NA
"Eswatini",1210822,75.21,4400,44.897165312181,44.0548924317466,1.64512139394137,120.0524881,2.785,83,39.7,56.36,18.7831211422857,1.12252115805504,3.91,65.4,27.5097991038
"Ethiopia",126527060,76.843,1020,16.7133376825376,7.63170164458893,0.903892013953936,53.62352623,4.063,56,33.9,65.645,27.3053276470482,0.17107240234643,6.79,90.6,22.6685924730882
"Faroe Islands",53270,57.013,74420,52.1344833288366,52.6131646054361,NA,111.9592346,2.0497,NA,NA,83.3,NA,0.0395554718402712,NA,5.1,NA
"Fiji",936375,41.287,5390,54.4718803291032,27.2533282681227,1.39581319775425,107.2344015,2.462,99,23.6,68.312,12.4187981716598,1.82078071256639,2.27,29.7,53.8020345916554
"Finland",5584264,14.227,54730,39.4440366386876,39.4775476334855,1.72168290261653,129.1548109,1.32,94,1.9,81.1878048780488,4.89518090216668,6.71778040231774,5.15,50.2,NA
"France",68170228,18.223,45290,31.9173196467952,30.0349943527843,1.93872341806871,116.6934991,1.794,94,3.3,82.2292682926829,9.60038144780495,4.6387144129087,3.23,16.2,NA
"French Polynesia",308872,37.712,NA,38.5348070358659,13.1028013886068,NA,106.2118461,1.688,NA,NA,83.55,NA,3.12362257941289,2.6,7.4,NA
"Gabon",2436566,8.971,7530,18.9497852754435,55.5421784992529,1.25778433704406,134.3173247,3.46,52,28.8,65.694,29.9548734558765,2.30917474817831,6.47,91.3,41.7943897894333
"Gambia, The",2773168,35.528,800,35.4806480616836,6.61733472576992,0.693939998753325,101.4408792,4.586,74,32.8,62.906,58.3640402179659,0.226053883381769,3.11,48.6,52.3889787299069
"Georgia",3760365,39.273,5690,58.9265463408208,42.6743612080891,1.43098609970017,147.7548843,2.063,90,8.3,71.587,17.0438421058507,3.23606559673234,3.86,25.2,104.073362940448
"Germany",84482267,22.235,54030,41.8815740369597,47.2795201039406,1.39005500959653,127.5648538,1.455,97,3,80.7056097560976,10.2876894329414,8.0383233558659,2.7,17.6,NA
"Ghana",34121985,40.762,2380,32.6527114432115,30.0551194696231,0.35007061763268,123.2115092,3.507,95,31.6,63.945,54.2427873097724,0.73046645240288,2.88,39,61.4334418908126
"Gibraltar",32688,0,NA,NA,NA,NA,104.5270891,1.837,NA,NA,82.83,NA,20.3252779564458,NA,0,NA
"Greece",10361295,19.327,21810,48.7141257830914,40.9417996072107,3.69207449516864,110.0393141,1.43,97,3.3,80.6365853658537,14.4089280374361,5.44524226188004,2.71,21.5,NA
"Greenland",56865,12.06,NA,49.7161311253005,35.4361749713673,NA,118.4236261,1.839,NA,NA,71.5404878048781,6.55624754182179,8.22258696457881,NA,11.6,NA
"Grenada",126183,62.941,9350,NA,NA,NA,81.06733007,1.986,76,14.4,75.335,24.6572416056476,0.976578070441174,2.78,10.2,60.3167616908049
"Guam",172952,4.834,NA,58.7423804940648,3.09592556945781,NA,NA,2.55,NA,NA,78.33,9.57510553293178,0.00174648084110517,NA,4.5,NA
"Guatemala",17602431,46.902,5340,31.7794277331955,17.7121044581955,0.462491769474559,125.6487512,2.354,83,18.8,68.674,21.6357355920496,1.15740476691689,4.42,62.1,26.851763047059
"Guinea",14190612,61.915,1180,62.8132595506566,42.9897509448761,2.03715761863678,101.9442494,4.303,47,62.2,58.985,43.7674450148382,0.274305971690862,5.13,66.8,26.0742774716441
"Guinea-Bissau",2150842,54.534,870,30.8723344407044,24.6790035542533,1.6147644517108,108.5305095,3.925,75,48.6,59.861,50.2127655060307,0.166273581545295,7.14,87.4,61.6806848533013
"Guyana",813834,72.838,14920,NA,NA,0.569847554986499,106.3926311,2.369,95,22.3,65.989,25.460668047299,4.70369445275656,2.8,13.2,17.8437985060548
"Haiti",11724763,40.344,1610,30.0278507648695,7.13755100307535,0.0691842245934902,63.9349717,2.773,65,44,63.728,21.3502554448061,0.296676839594938,5.88,76.7,12.6254954707511
"Honduras",10593798,39.788,2710,64.0072450999929,39.3653983599255,1.52909744390138,73.55959801,2.34,77,13.8,70.728,20.3136833896573,1.0172282576398,4.22,45.9,43.067656531823
"Hong Kong SAR, China",7536100,0,54000,198.445417721854,204.014263732608,NA,319.4262706,0.701,NA,NA,83.6609756097561,NA,4.41583969725433,1.17,0.4,NA
"Hungary",9589872,27.136,19050,79.7471358424803,79.9411382781665,1.52573720690762,106.9277943,1.52,99,3.3,76.0170731707317,14.1364995764273,4.90424811740022,3.48,15.3,NA
"Iceland",393600,5.958,73930,39.0420861033638,37.2546279800217,NA,118.0741761,1.589,91,2,82.1707317073171,5.10554827500189,9.31484831270959,12.33,82.4,NA
"India",1428627663,63.636,2400,24.0239304534927,21.3991583305511,2.42522711696615,81.98893361,2.011,95,25.5,67.744,48.3948115195574,1.90028583048827,4.21,34.9,18.4230765466735
"Indonesia",277534122,41.428,4580,18.7882026359018,21.4165556390653,0.702587599419717,133.6505363,2.153,84,18.1,68.25,17.8814994983985,2.51264150843202,3.04,20.2,30.8874397111951
"Iran, Islamic Rep.",89172767,22.743,3980,21.5346020619098,22.8392319889567,2.5858676814208,154.5542763,1.681,99,10.3,74.556,32.2873733599003,7.75168019810601,9.32,0.9,2.41000462049101
"Iraq",45504560,28.401,5440,24.1816154776761,37.3216528340457,1.6669677433245,93.60441472,3.445,88,20,71.336,38.1750699787954,4.35625154030277,4.96,1.1,8.58092719559435
"Ireland",5262382,35.534,79730,93.6654347294515,133.739355569914,0.225109121716702,107.7677124,1.7,90,2.7,83.0560975609756,8.17058601306707,7.36967956982117,1.09,12.7,NA
"Isle of Man",84710,46.518,NA,NA,NA,NA,NA,1.571,NA,NA,80.762,NA,NA,NA,3.2,NA
"Israel",9756700,7.146,55140,25.7976511788237,29.3972711090529,4.51139144256367,140.4485071,2.89,99,2.7,82.7,18.5982756348314,6.46311273868689,2.39,6.2,NA
"Italy",58761146,28.027,38370,29.9550324144456,32.1129144811235,1.67909233846156,131.86107,1.24,94,2.2,82.9,14.6586386239905,5.47923941844668,2.51,17.5,NA
"Jamaica",2825544,42.622,5760,NA,NA,1.31337260079363,102.7483172,1.34,91,16.1,70.629,17.413637041591,2.15146406015187,3.85,10.5,104.831055907881
"Japan",124516650,7.95699999999999,42550,18.6460066518101,18.1254766352366,1.07773443701688,160.8817412,1.26,98,1.7,83.9963414634146,12.835201662985,8.65251144997104,3.25,8.8,NA
"Jordan",11337052,7.98,4350,50.1821844507811,30.3070579871889,4.84048780209003,65.26176509,2.786,76,12.2,74.215,28.7737639174179,2.08924097913949,3.39,11.5,85.577795732389
"Kazakhstan",19900177,41.821,9610,25.0237464537583,33.6448621241624,0.509364389357752,127.4765953,3.05,99,8.7,74.44,20.0278724259165,12.5228679851671,5.81,2,80.8680349019896
"Kenya",55100586,70.48,2170,19.9151007070202,10.7741812165989,1.00120092261,122.7902388,3.296,90,30.5,62.055,24.3917906517518,0.398452735734312,4.76,67.7,37.2162734802193
"Kiribati",133515,42.238,3320,69.7854620779221,3.71562649350649,NA,40.83989013,3.271,85,43.9,67.661,11.2568272545112,0.563886856864179,6.85,42.2,NA
"Korea, Dem. People's Rep.",26160821,36.797,NA,NA,NA,NA,23.10188288,1.793,0,13.6,73.578,29.9291062464217,2.08688219176064,6.48,14.7,NA
"Korea, Rep.",51712619,18.544,36160,38.3222274220465,41.8772295047804,2.7177456962085,140.5658819,0.778,97,2.4,82.6804878048781,25.9439899531653,12.2986530822572,5.32,3.6,NA
"Kosovo",1756374,NA,5600,65.2292477577243,33.4091827278011,1.12830724727892,NA,1.51,NA,8.7,79.524,NA,NA,NA,NA,38.1772567992241
"Kuwait",4310108,0,40730,NA,NA,4.53134521182107,162.7763396,2.092,99,7.4,80.264,53.7151434413218,25.7959419265928,7.75,0.1,NA
"Kyrgyz Republic",7100800,62.199,1490,64.455786983606,35.8055898779632,1.47880865000304,130.3819712,2.8,94,15.4,72.0487804878049,24.3817252281764,1.47721114281208,5.15,27.6,87.1035302913734
"Lao PDR",7633779,61.753,2310,NA,NA,NA,64.95535792,2.448,76,32.7,68.999,22.3176670505669,2.67294864515786,4.25,51.5,130.73921796042
"Latvia",1881750,31.329,21970,67.7427900839523,64.5912408829164,2.04986513456443,115.358508,1.47,96,2.8,74.580487804878,11.6020322023647,3.56787307323733,3.1,44,NA
"Lebanon",5353930,10.568,4410,52.8029927098104,26.0256276927137,NA,76.67627276,2.08,67,14.9,74.416,19.2310172881236,4.3291857773202,3.55,6.8,NA
"Lesotho",2330318,69.585,1220,93.2092575816713,45.3527744496566,1.46633375643663,79.83391293,2.98,81,56.4,53.036,23.4391013240086,0.337840035562109,10.42,33.6,67.1171425631471
"Liberia",5418377,46.433,690,NA,NA,1.26514347454168,31.82876165,4.016,79,54.9,61.1,42.3616590279287,0.306033872299691,14.01,93.2,50.76061439188
"Libya",6888388,18.394,10290,52.3467745441436,68.7883409401904,NA,206.7027087,2.402,73,8.9,72.151,32.9707065002742,9.21019661229525,5.26,3.1,NA
"Liechtenstein",39584,85.383,NA,NA,NA,NA,126.0867338,1.47,NA,NA,84.319512195122,NA,NA,NA,53.6,NA
"Lithuania",2871897,31.306,23860,75.5706100418699,80.0660156686909,2.52262366538611,133.7323188,1.27,87,2.9,75.7926829268293,9.21893860360944,4.68414229356214,2.94,33.2,NA
"Luxembourg",668606,7.922,89200,179.918519486916,213.222678669104,0.700406724896945,137.0751156,1.31,99,2.2,83.0463414634146,8.67476189540246,11.6165444041751,1.98,20.5,NA
"Macao SAR, China",704149,0,43940,76.750320660197,90.9384251752539,NA,185.6588995,1.109,NA,NA,85.377,NA,3.23288758976247,0.85,13.6,NA
"Madagascar",30325732,59.444,510,31.6827517090036,22.7742898827032,0.651003969501107,56.30041625,3.791,44,45.1,65.23,12.7535199510191,0.107727637785506,9.35,83.6,39.9097621945911
"Malawi",20931751,81.72,640,NA,NA,0.636293160064403,60.03162334,3.849,82,30.1,62.898,23.6983194353464,0.275785963040907,3.04,71.1,25.8287763354188
"Malaysia",34308525,21.284,11830,63.3948653159563,70.6240610300215,0.957534540141842,140.5905675,1.787,96,6.7,76.26,16.1938532237922,8.17755886497409,4.49,7.5,NA
"Maldives",521021,58.029,10880,NA,NA,NA,135.3978652,1.678,98,4.8,80.839,12.0123911668511,4.16409723799942,2.87,1.4,71.171516960976
"Mali",23293698,53.811,850,39.3427987455975,27.8671459235198,2.83404367131954,111.0929919,5.867,70,60.1,59.417,56.7830489222988,0.297695054216705,6.43,71.2,35.1060924757078
"Malta",553214,5.059,33330,148.505357010958,166.177307149835,0.499206864990125,123.3832876,1.15,96,4.9,82.7,11.7226648774147,3.22982114917165,1.21,8.6,NA
"Marshall Islands",41996,21.132,7270,71.2512585687743,46.7963986435575,NA,38.04994055,2.672,81,24,65.146,10.7256194470999,0,10.32,12.1,NA
"Mauritania",4862989,42.301,2080,48.450850492821,39.8560232643025,2.27396340852315,141.1137094,4.342,72,31.4,64.691,70.8224442103687,0.973704530209101,3.54,22.1,47.3512645621678
"Mauritius",1261041,59.133,10500,53.7982945111496,44.201734728189,0.166673188359335,151.765127,1.32,98,13.4,73.5146341463415,9.15296880580014,3.39146296740733,2.15,8.6,136.76527107408
"Mexico",128455567,18.418,10810,42.6133823306841,40.6773203628452,0.606752933062896,99.81384101,1.803,86,11,74.832,14.9923440243315,3.82555466342756,2.99,13,41.9246470980736
"Micronesia, Fed. Sts.",115224,76.621,4050,67.5059743589744,20.1005128205128,NA,19.4464824,2.669,69,20.5,70.925,12.1144203347628,0,6.46,2.1,NA
"Moldova",2486891,56.627,5500,57.8220988272368,30.6487877126898,0.315219358256148,127.3941322,1.8,84,12.2,68.621,14.7583463021422,3.40782246127645,4.92,21.4,66.7444773480226
"Monaco",36297,0,NA,NA,NA,NA,102.0171182,NA,88,2.3,NA,9.5810695715317,NA,NA,NA,NA
"Mongolia",3447157,30.911,4260,60.5492144836795,58.5488639540916,0.603063250173256,140.012223,2.774,94,11.5,72.667,29.6547866481682,6.50174230792093,6.96,3,224.083042361841
"Montenegro",616177,31.498,10480,62.1956378014157,42.8343554419311,1.60746495179336,178.3957863,1.8,33,2.3,76.1878048780488,17.9824100566499,NA,3.53,39.6,138.736750172493
"Morocco",37840044,34.879,3670,42.4483830655505,33.1838111219108,3.90492622294501,137.4592738,2.299,99,14.8,74.973,21.3212642117301,1.93929350844978,3.14,10.9,50.1460828381233
"Mozambique",33897354,61.247,490,71.7284659356564,40.3504985251714,1.5078235912053,42.66671846,4.561,84,48.7,59.625,20.0802484321177,0.304165805517691,11.95,76.9,423.644786838706
"Myanmar",54577997,67.888,1280,NA,NA,3.04694924417989,126.2686102,2.127,75,32.5,67.256,32.3150340028667,0.690189719299837,4.17,62.9,20.5985819677227
"Namibia",2604172,45.114,4840,51.587892222703,31.956410900348,3.0043137723859,115.2226488,3.248,91,28.6,58.059,19.9945355710926,1.67034669101664,3.45,30,NA
"Nauru",12780,0,20920,80,30.6382978723404,NA,79.92327366,3.463,98,22.3,64.014,6.06435493209495,0,6.94,1.6,NA
"Nepal",30896590,78.097,1340,37.9346333063959,5.11917148482606,1.13585458892798,127.2282803,2.008,90,23,70.484,45.7207706412594,0.518774318620329,5.63,73.7,22.2565319517876
"Netherlands",17879488,6.821,60230,72.8509614777156,84.1052071763075,1.58328113846348,125.0621654,1.487,89,3.4,81.7146341463415,10.8892498470498,7.6076909179389,2.95,12.2,NA
"New Caledonia",267940,27.281,NA,NA,NA,NA,90.34051425,2.02,NA,NA,80.9820731707317,NA,19.9164236762439,12.35,8.3,NA
"New Zealand",5223100,13.015,48530,26.2123468357678,22.3372987322993,1.1788672845172,113.9631575,1.66,90,3.9,82.7609756097561,6.48591499675774,6.32593996716955,3.77,28.9,NA
"Nicaragua",7046310,40.151,2090,60.0778754515429,46.6173227650007,0.52647269455043,97.10898703,2.284,93,13.1,74.615,16.809772538789,0.82528446869434,4.29,50.4,102.227346386211
"Niger",27202843,82.946,580,27.0221728812007,9.99372066917064,1.66437842193306,56.38600069,6.749,65,60.3,62.08,85.1223455605238,0.100473226147901,5.19,79.6,38.5236980281386
"Nigeria",223804632,45.717,2160,NA,NA,0.635544551107252,91.43723303,5.143,60,68.5,53.633,56.5313287289257,0.561680787237512,6.57,80.3,21.388776687452
"North Macedonia",1811980,40.521,7500,81.2775466279157,65.4438648561578,1.60534290001473,92.29897353,1.6,71,4.1,74.4248780487805,26.118651401474,4.55120673992418,3.25,19.5,89.2565771419059
"Northern Mariana Islands",49796,7.92400000000001,NA,NA,NA,NA,NA,NA,NA,NA,NA,9.71463085081006,0,NA,0.5,NA
"Norway",5519594,16.005,96770,28.1864118553233,43.0363019206366,1.63766554089693,109.6884687,1.41,96,1.8,82.5609756097561,6.05589724673443,7.74834450435183,3.43,61.4,NA
"Oman",4644384,11.6,20020,41.3895442243827,52.5266019364016,5.16766661805132,135.0769728,2.567,97,9,73.935,39.5835768902765,20.0269082127082,7.21,0.1,NA
"Pakistan",240485658,61.96,1570,17.9788210968775,9.05160046188653,2.63074028023171,81.55130785,3.41,82,51,66.431,42.9981734249878,0.845245485609571,4.21,41.6,34.3598473926687
"Palau",18058,17.592,13570,75.8557595579283,6.94436801122891,NA,133.1557923,NA,96,22.1,NA,7.32770979431049,75.1647743007477,13.27,0.9,NA
"Panama",4468087,30.488,17050,37.6565996222409,41.1061104079289,NA,147.7006123,2.297,92,11.4,76.826,11.4700607490209,2.5822367786823,1.41,28,NA
"Papua New Guinea",10329931,86.277,2700,NA,NA,0.332904919500801,48.42485057,3.165,44,33.4,65.958,17.3105425567239,0.464958804032765,6.54,54.5,62.7549941749547
"Paraguay",6861524,36.851,5900,34.2551805109766,35.4870925101591,0.831483478747864,118.9635011,2.444,54,15,70.475,10.0891599097852,1.46482450893294,3.4,58.8,60.4423031952735
"Peru",34352719,21.078,6810,26.1288963774221,29.1453585008766,1.15356717784348,127.8361756,2.164,74,11.7,73.385,27.0356284968814,1.80943158548644,2.3,30.6,38.9946612230537
"Philippines",117337368,51.713,3950,37.7325748976525,25.7520349160187,0.996295469741129,143.4358742,2.725,69,21.8,72.187,20.2887417122616,1.34460221963309,2.78,28,25.9781782485932
"Poland",36685849,39.782,18960,54.3824692110598,57.6993442789919,2.38851188830618,132.058828,1.261,71,3.8,77.3048780487805,17.9583314936851,8.74358249522585,3.42,15.2,NA
"Portugal",10525347,32.094,25950,44.2241929394347,41.4017150747342,1.35438934019624,120.9425503,1.43,98,2.6,81.5804878048781,8.45242266236737,3.9656939332761,2.42,32.3,NA
"Puerto Rico",3205691,6.366,24760,42.330864652258,54.4132763801531,NA,112.4430134,0.9,NA,NA,79.72,7.18841521712249,3.91806126058309,0.68,2.6,NA
"Qatar",2716391,0.646000000000001,70070,34.0531415378261,58.7260170336864,6.96216611853725,144.2023856,1.781,99,4.5,81.559,75.6630329481338,38.0754563244261,7.2,0,NA
"Romania",19056116,45.328,15490,46.262124189443,40.5909965757002,1.73054506592533,118.6275646,1.81,83,5.5,75.3048780487805,14.8501731264834,4.05780246126833,2.4,23.6,NA
"Russian Federation",143826130,24.669,12810,20.4252266104753,29.7712144927837,4.05631633246717,168.9847242,1.416,97,3.8,72.5456097560976,11.2727775886895,13.2354401906202,8.46,3.5,17.1484707782721
"Rwanda",14094683,82.108,930,35.1190698656218,19.5192429385294,1.44995636096192,80.99152957,3.749,96,28.8,67.129,31.2882654917538,0.118054413328941,3.59,79.4,74.3580925411058
"Samoa",225681,82.492,3660,49.2031956067828,11.6856900452437,NA,31.54083853,3.875,82,13.9,72.598,12.5518952802963,1.5981509294817,4.9,36,56.6132683910098
"San Marino",33642,2.164,NA,158.15589246809,184.314281549571,NA,118.5325668,NA,91,1.3,NA,10.6908983278922,NA,NA,NA,NA
"Sao Tome and Principe",231856,23.599,2420,NA,NA,NA,84.81983981,3.751,77,11.3,68.794,27.3357522767854,0.69443222798839,3.97,40.8,71.2921457021635
"Saudi Arabia",36947025,15.05,27500,24.3681600690647,32.774653494342,7.42273250452989,126.3611144,2.393,98,5.5,77.905,53.1486013629285,16.696709753296,5.81,0.1,NA
"Senegal",17763163,50.421,1620,44.7363918727061,24.6396021156771,1.57213470423859,117.676782,4.314,80,28.2,67.913,63.7402211262202,0.697296541571543,3.58,35.4,120.402911355383
"Serbia",6618026,42.887,9300,62.8834358664867,54.8896349858855,2.27899881291153,123.7205974,1.63,81,4.4,75.4821951219512,22.5075355689004,NA,4.97,27.2,73.1212018839079
"Seychelles",119773,41.18,15000,103.50694354147,80.2638714731898,1.38078631653398,172.6683573,2.32,98,12.5,73.8487804878049,8.49983857722866,9.13512070605115,2.85,1.7,NA
"Sierra Leone",8791092,55.7,600,41.462686053721,16.9281420172564,0.599792940179085,97.70150515,3.876,90,76,60.411,43.2210935036927,0.127787129441146,5.49,71.1,48.9350717917604
"Singapore",5917648,0,66970,146.774441614378,183.010537162982,2.77056626777816,147.480416,1.04,96,1.8,82.8951219512195,13.8691955865476,9.48012975645651,2.51,1.1,NA
"Sint Maarten (Dutch part)",41163,0,36960,NA,NA,NA,NA,1.572,NA,NA,74.409,NA,NA,7.7,0,NA
"Slovak Republic",5426740,45.973,22080,92.1405640149184,92.0606424606817,1.75731102032193,135.1475011,1.57,95,4.9,77.0658536585366,15.3916194257365,6.48652589440755,4.14,17.9,NA
"Slovenia",2120937,43.912,29590,77.7227422591705,83.5629013723431,1.18798601519501,123.0185759,1.55,96,1.9,81.2829268292683,14.2911527506818,6.60368960779096,3.26,23.4,NA
"Solomon Islands",740424,73.963,2290,39.464516445593,27.1748908261232,NA,66.96324509,3.925,90,15.7,70.742,13.9542830081778,0.439199031304494,5.07,49.1,31.3290982230713
"Somalia",18143378,52.08,600,66.5127744648042,15.5711446332517,NA,51.82360917,6.202,46,68,56.107,24.525108218562,0.0534507408462481,6.57,95.4,40.1364890196962
"South Africa",60414495,31.181,6780,24.9733048979456,31.1113198468579,0.739893648166575,168.9243909,2.341,86,27.7,61.48,23.753069242361,6.76153333516435,6.57,9.7,43.3792434144384
"South Sudan",11088796,78.805,NA,NA,NA,3.0210780434718,30.48067634,4.337,72,63.8,55.567,30.7373478613476,NA,5.88,32.4,NA
"Spain",48373336,18.448,32090,33.2148671755475,34.1764229438186,1.46603384385733,119.623109,1.16,96,2.5,83.0829268292683,9.58105460690675,5.3238224685077,2.66,19,NA
"Sri Lanka",22037000,80.789,3620,24.3085542367604,16.921417512644,1.43043206686897,141.2920218,1.974,99,5.6,76.61,19.9644408635608,0.835665659798927,1.67,48.8,80.9951759814601
"St. Kitts and Nevis",47755,68.904,20670,NA,NA,NA,119.1089358,1.512,95,13.3,72.027,8.5943079884613,2.13819585790125,2.63,1.6,NA
"St. Lucia",180251,80.828,11500,NA,NA,NA,95.63211097,1.387,81,16,71.294,23.7585855502375,1.41668102992933,3.35,9.7,40.5853931415886
"St. Martin (French part)",32077,NA,NA,NA,NA,NA,NA,2.385,NA,NA,80.55,NA,NA,NA,NA,NA
"St. Vincent and the Grenadines",103698,45.701,9440,NA,NA,NA,94.15232144,1.778,96,10.1,68.972,23.9262758481858,0.796552122214954,2.46,5,62.7014256744659
"Sudan",48109006,63.658,760,1.87767821048496,2.2498704277993,NA,75.55500225,4.384,81,37,65.578,45.8349025581217,0.523170484132381,4.83,61,44.1520138649077
"Suriname",623236,33.589,4970,NA,NA,NA,147.8293071,2.322,74,14.8,70.289,27.3059698425997,5.32166202834768,4.74,14.5,125.565006690816
"Sweden",10536632,11.262,63900,41.7495449788374,46.496856499102,1.30746311852624,124.3473047,1.52,92,2,83.109756097561,5.63670790600148,3.60926985285795,3.49,57.9,NA
"Switzerland",8849852,25.798,95490,58.9686066461085,71.2875561763611,0.764653391906917,123.4337574,1.39,96,3.5,83.4536585365854,9.06104968621636,4.11419637729382,1.53,27.7,NA
"Syrian Arab Republic",23227014,42.591,NA,73.0562264704539,24.7950277607439,NA,79.67746006,2.704,41,17.8,72.3,24.7058382627422,1.2762523034204,NA,1.1,NA
"Tajikistan",10143543,71.766,1390,47.6440075467741,24.1819298886089,1.01612975491734,118.8094765,3.141,98,26.7,71.288,37.0534062306267,1.06013521639718,4.03,34.9,55.3227216564486
"Tanzania",67438106,62.591,1200,15.7951616808233,14.1200223265815,1.092190045588,84.99103625,4.661,86,30,66.782,25.081431153535,0.25922570650826,6.38,78.3,40.5285318314913
"Thailand",71801279,46.392,7240,58.5922658837129,58.5522377429416,1.15764084576469,168.7823161,1.317,96,7,79.68,31.0072016277159,3.93943514815049,4.44,19,39.9491361663741
"Timor-Leste",1360596,67.544,1980,36.3252417615003,63.5665570942568,1.10708519569663,104.9381426,3.047,79,41.5,69.056,17.4104661970888,0.426900549915902,2.45,12.1,8.89037958041675
"Togo",9053799,55.51,1000,33.9554650531882,23.6295484465081,5.44192262318708,72.35295227,4.196,71,42.1,61.588,51.6661369398223,0.275520729092491,8.6,75.1,37.3102478958624
"Tonga",107773,76.84,5000,60.844805035636,12.5226642915549,NA,60.67706123,3.193,99,9.4,71.27,12.4784129504796,1.56188586722566,4.65,1.8,NA
"Trinidad and Tobago",1534937,46.561,16190,NA,NA,0.716467302343877,130.8832291,1.614,92,13.8,74.708,25.6022583642289,19.0833183109042,18.72,0.5,NA
"Tunisia",12458223,29.456,3810,52.2079969177941,42.0130963174061,2.47677866774635,127.5767095,2.064,95,9.9,74.263,24.1829826735327,2.90668986057675,3.81,11.6,87.9523279691052
"Turkiye",85326000,22.537,10640,35.3387465749706,35.7436948119262,1.23348554849601,101.785223,1.882,95,8.3,78.475,21.6120469179783,5.6630735783408,2.48,12,51.0489996624014
"Turkmenistan",6516100,45.997,NA,12.4975717893342,20.560545290414,NA,98.62541796,2.617,98,35,69.41,19.5997611438189,10.8669568340961,10.18,0.1,8.08573999553223
"Turks and Caicos Islands",46062,5.753,24300,NA,NA,NA,NA,1.658,NA,4.1,74.925,NA,1.93422751241713,5.95,0.8,NA
"Tuvalu",11396,33.759,7160,NA,NA,NA,80.32845412,3.144,90,17.4,64.854,5.91780105591262,0,2.79,5,NA
"Uganda",48582334,73.229,930,25.9326225729506,15.7810081695276,2.06007852417852,65.70386414,4.468,90,30.2,63.638,33.8077192571642,0.159584470424449,10.2,91,43.6029862023018
"Ukraine",3.7e+07,29.905,4280,42.0096208865812,40.6883404768688,33.5465729986209,135.025689,1.265,74,7,68.5879268292683,14.90010098879,3.48793421052632,6.89,8.9,82.4522788145027
"United Arab Emirates",9516871,12.221,49160,NA,NA,NA,194.7336208,1.443,98,4.3,79.196,36.3055030826594,23.1751202636888,5.48,1,NA
"United Kingdom",68350000,15.358,48640,29.7513352208921,29.5973125272812,2.22718397866051,118.5668355,1.57,90,3.6,82.0585365853659,9.91288560282114,5.02441769556431,2.2,12.2,NA
"United States",334914895,16.702,76590,14.4455053059818,10.8079793571518,3.45491979773439,107.319451,1.665,92,5.4,77.4341463414634,7.81485752365112,14.5640461191554,4.24,10.9,NA
"Uruguay",3423108,4.229,17800,24.8416527618674,31.9820853475185,1.89979653202748,136.9212202,1.483,96,5.6,78,10.5717923259135,2.49547591821185,2.94,57.8,NA
"Uzbekistan",36412350,49.468,2200,40.1715680072354,23.6767229825956,NA,102.8976203,3.308,99,11.9,71.674,31.9604294559849,3.71502268003063,7.55,1,60.4014554588822
"Vanuatu",334506,74.024,3570,52.454745585111,9.36619786008863,NA,78.2951469,3.697,70,15.6,70.492,14.0824115364695,0.667503213564302,5.17,24.6,39.9361241975472
"Venezuela, RB",28838499,11.562,NA,NA,NA,0.649886788939365,60.31557029,2.188,68,21.2,71.105,15.2565796212874,3.42470288706373,8.32,33.7,NA
"Viet Nam",98858950,60.52,4020,92.8256256783819,93.8502071216558,NA,138.8654955,1.941,88,16.2,74.58,20.8010641731194,3.33960790026722,3.85,24.2,37.7041871724896
"Virgin Islands (U.S.)",104917,3.773,NA,91.4716471647165,91.6966696669667,NA,79.92726619,2,NA,NA,80.319512195122,8.63342756669479,0.00189729919459649,NA,5.9,NA
"West Bank and Gaza",5165775,22.418,4720,55.7424485062676,17.3411011099453,NA,77.60221248,3.436,97,12.3,73.444,26.3636264444046,NA,3.13,15.4,NA
"Yemen, Rep.",34449825,60.169,NA,NA,NA,NA,46.0195416,3.716,73,33.1,63.72,34.8323598356099,0.363929740833901,2.07,3.7,NA
"Zambia",20569737,53.665,1170,33.9924211751453,52.2160900183192,1.18630432872079,103.9746368,4.242,90,39,61.803,24.3085919008655,0.463125712651444,7.82,83,98.4125658235952
"Zimbabwe",16665409,67.483,1720,28.0718876497548,22.775240716702,0.42705656262948,89.14601935,3.437,90,34.6,59.391,19.4941796611344,0.626431593519257,14.77,82.4,51.6076172647948
